{
  "__locations": {
    "files": [
      "databricks.yml"
    ],
    "locations": {
      "bundle": [
        [
          0,
          4,
          3
        ]
      ],
      "targets": [
        [
          0,
          16,
          3
        ]
      ]
    },
    "version": 1
  },
  "bundle": {
    "name": "spotify_azure",
    "uuid": "bb04fc44-e51b-4be9-aac8-86421e72b523"
  },
  "targets": {
    "dev": {
      "default": true,
      "mode": "development",
      "presets": {
        "source_linked_deployment": false
      },
      "workspace": {
        "host": "https://adb-7405611655393347.7.azuredatabricks.net"
      }
    },
    "prod": {
      "mode": "production",
      "permissions": [
        {
          "level": "CAN_MANAGE",
          "user_name": "yash.chauhan12061997@gmail.com"
        }
      ],
      "workspace": {
        "host": "https://adb-7405611655393347.7.azuredatabricks.net",
        "root_path": "/Workspace/Users/yash.chauhan12061997@gmail.com/Prod/.bundle/${bundle.name}/${bundle.target}"
      }
    }
  }
}
